,Count,% Miss.,Card.,Min,1st Qrt.,Mean,Median,3rd Qrt.,Max,Std. Dev.
age,30940.0,0.0,72,17.0,28.0,38.56076276664512,37.0,48.0,90.0,13.639403068811818
fnlwgt,30940.0,0.0,20880,12285.0,117849.0,189786.4014221073,178384.0,237318.0,1484705.0,105406.39438610482
education-num,30940.0,0.0,16,1.0,9.0,10.08125404007757,10.0,12.0,16.0,2.5699668370230184
capital-gain,30940.0,0.0,119,0.0,0.0,1081.8129928894634,0.0,0.0,99999.0,7443.773041287165
capital-loss,30940.0,0.0,91,0.0,0.0,86.56997414350356,0.0,0.0,4356.0,401.7060231857947
hours-per-week,30940.0,0.0,93,1.0,40.0,40.408920491273435,40.0,45.0,99.0,12.336944975043277
